[{"CategoryCode":"A001","Name":"ACCOUNT","Description":"ACCOUNT"},{"CategoryCode":"A002","Name":"ACQUISITION","Description":"ACQUISITION"},{"CategoryCode":"A003","Name":"DEVICE","Description":"DEVICE"},{"CategoryCode":"A004","Name":"BILLING","Description":"BILLING"},{"CategoryCode":"A005","Name":"NETWORK AND CONNECTIVITY","Description":"NETWORK AND CONNECTIVITY"},{"CategoryCode":"A006","Name":"APPELLATE COMPLAINT","Description":"APPELLATE COMPLAINT"},{"CategoryCode":"A007","Name":"CHARGES","Description":"CHARGES"},{"CategoryCode":"A008","Name":"ESCALATION VIP/HOD","Description":"ESCALATION VIP/HOD"},{"CategoryCode":"A009","Name":"INSTALLATION","Description":"INSTALLATION"},{"CategoryCode":"A010","Name":"MARKETING","Description":"MARKETING"}]